,RtcA,RtcB,RtcR,OmpA
0,0.0,4.0399981511824945e-23,2.342484553081396e-24,4.4138916314044796e-14
1,8.920448821444245e-21,3.763220436498106e-18,3.9135898448818286e-20,6.860553093107503e-14
2,1.1167829010924238e-20,6.375247560367018e-18,6.848115730785413e-20,1.147710344479298e-13
3,3.511265130117238e-21,5.901590614542626e-18,5.372754228230341e-20,3.433814245171119e-14
4,4.693163418384553e-21,3.817728468139836e-18,2.155180071743418e-20,8.160181865520188e-14
5,9.106660643240095e-21,3.713840990879777e-18,3.994399920167631e-20,2.3279444261337926e-14
