,RtcA,RtcB,RtcR,OmpA
0,1.3213641772043305e-20,7.652810243169797e-18,2.038628918695028e-19,1.0299782361982988e-13
1,2.917660275067116e-20,1.082253377362938e-17,2.611237868745133e-19,8.448103905148893e-14
2,5.630745725934191e-20,3.4997487575907954e-17,4.1603758489118263e-19,7.831380252249145e-14
3,1.9782134311180698e-20,1.336123638135624e-17,1.5756320615105465e-19,1.0299782361982988e-13
4,2.2120367756455166e-20,1.6068250780623594e-17,1.5334998455193325e-19,1.0299782361982988e-13
5,8.00767218923228e-20,3.131527132729051e-17,4.1142326307698054e-19,1.4619862928550932e-13
