,RtcA,RtcB,RtcR,OmpA
0,1.2548444633700176e-24,3.003292150029772e-22,1.2828641134703815e-23,1.8627199098561408e-13
1,7.83133755967432e-20,1.9581989880485365e-17,5.593242028864106e-19,1.960587991661264e-13
2,2.236329546289936e-19,4.3664390478325966e-17,1.2488042053762023e-18,1.8627199098561428e-13
3,6.77061308876785e-20,1.9473052967709287e-17,4.622540751659644e-19,1.9544373022264822e-13
4,5.757896522864183e-20,2.5566513453469975e-17,4.3269655353236993e-19,1.5752699567257627e-13
5,7.758403108039189e-20,2.5755630067096684e-17,4.7403585696927655e-19,1.9605843888110595e-13
