,RtcA,RtcB,RtcR,OmpA
0,2.071736897708246e-21,5.189094014496411e-19,4.6292893190165244e-20,7.727780444917134e-14
1,5.6617852762770354e-21,7.985697557239949e-19,8.819194541083825e-20,2.308166539799264e-14
2,1.4063578378380917e-20,3.578718463374691e-18,8.841686441809243e-20,2.5082198611775072e-14
3,2.442991479609737e-21,1.5451008604181567e-18,2.663383521655861e-20,3.204902280091857e-15
4,2.2417624082335545e-21,8.905157052197954e-19,3.340925853721778e-20,3.576356803627147e-14
5,9.294726545626102e-21,1.993931950661025e-18,7.898720953146935e-20,5.74255213422219e-14
