,RtcA,RtcB,RtcR,OmpA
0,0.0,2.080838142415437e-11,1.716931247987493e-12,0.0002106202389499906
1,5.037710151695657e-07,1.938281239136324e-06,2.868477697172099e-08,0.00032736900958749246
2,6.306889564288384e-07,3.2836297925209717e-06,5.0193474584723285e-08,0.0005476596327823496
3,1.9829423771552335e-07,3.03966843352807e-06,3.937976713686798e-08,0.00016385331522008722
4,2.650404421302967e-07,1.966356101317859e-06,1.579645853095899e-08,0.0003893841530142793
5,5.142870912527741e-07,1.9128479022760388e-06,2.927707690056353e-08,0.00011108388067483791
