,RtcA,RtcB,RtcR,OmpA
0,7.462236332309827e-07,3.9416501826849056e-06,1.4942193274889104e-07,0.0004914807166490151
1,1.647711576077956e-06,5.574245390967719e-06,1.9139148161635715e-07,0.00040312309675138926
2,3.1798921189890124e-06,1.802577731758213e-05,3.049360256814892e-07,0.00037369453484115394
3,1.1171709051462984e-06,6.881827479058856e-06,1.1548643589473452e-07,0.0004914807166490152
4,1.2492196686118407e-06,8.276100100796215e-06,1.1239834218299093e-07,0.0004914807166490151
5,4.52223114403955e-06,1.6129218029181864e-05,3.015539443351459e-07,0.0006976245183545021
