,RtcA,RtcB,RtcR,OmpA
0,1.1021640295807864e-17,2.7605980157120893e-15,2.4627819177167915e-16,4.1111791966959176e-10
1,3.0120697669793824e-17,4.248391100451659e-15,4.691811495856594e-16,1.2279445991732088e-10
2,7.481823697298648e-17,1.9038782225153337e-14,4.70377718704252e-16,1.3343729661464335e-10
3,1.2996714671523798e-17,8.219936577424586e-15,1.416920033520919e-16,1.7050080130088804e-11
4,1.1926176011802541e-17,4.737543551769312e-15,1.7773725541799847e-16,1.9026218195296424e-10
5,4.94479452227309e-17,1.0607717977516644e-14,4.202119547074168e-16,3.0550377354062064e-10
