,RtcA,RtcB,RtcR,OmpA
0,6.675772545128491e-21,1.5977514238158388e-18,6.824837083662429e-20,9.909669920434668e-10
1,4.1662715817467383e-16,1.0417618616418212e-13,2.975604759355704e-15,1.0430328115637926e-09
2,1.189727318626246e-15,2.3229455734469414e-13,6.643638372601398e-15,9.90966992043468e-10
3,3.601966163224496e-16,1.0359664178821341e-13,2.459191679882931e-15,1.0397606447844887e-09
4,3.063200950163746e-16,1.3601385157246027e-13,2.3019456647922088e-15,8.380436169781059e-10
5,4.1274704534768486e-16,1.3701995195695434e-13,2.521870759076551e-15,1.0430308948474834e-09
